<?xml version="1.0" encoding="UTF-8"?>
<project-private xmlns="http://www.netbeans.org/ns/project-private/1">
    <editor-bookmarks xmlns="http://www.netbeans.org/ns/editor-bookmarks/2" lastBookmarkId="0"/>
    <open-files xmlns="http://www.netbeans.org/ns/projectui-open-files/2">
        <group>
            <file>file:/C:/Users/HP/Desktop/lab_02/file/tourism_management_system/src/card.java</file>
            <file>file:/C:/Users/HP/Desktop/lab_02/file/tourism_management_system/src/PACKAGE_A_03.java</file>
            <file>file:/C:/Users/HP/Desktop/lab_02/file/tourism_management_system/src/PACKAGES.java</file>
            <file>file:/C:/Users/HP/Desktop/lab_02/file/tourism_management_system/src/STAFF.java</file>
            <file>file:/C:/Users/HP/Desktop/lab_02/file/tourism_management_system/src/admin.java</file>
            <file>file:/C:/Users/HP/Desktop/lab_02/file/tourism_management_system/src/PKC7.java</file>
            <file>file:/C:/Users/HP/Desktop/lab_02/file/tourism_management_system/src/pkB4.java</file>
            <file>file:/C:/Users/HP/Desktop/lab_02/file/tourism_management_system/src/buy.java</file>
            <file>file:/C:/Users/HP/Desktop/lab_02/file/tourism_management_system/src/Login.java</file>
        </group>
    </open-files>
</project-private>
